<?xml version="1.0" encoding="UTF-8"?>
<!-- 
@category    Mana
@package     Mana_Ajax
@copyright   Copyright (c) http://www.manadev.com
@license     http://www.manadev.com/license  Proprietary License
 -->
<config>
    <sections>
        <mana>
            <groups>
                <ajax translate="label" module="mana_ajax">
                    <label>AJAX Settings</label>
                    <frontend_type>text</frontend_type>
                    <sort_order>100</sort_order>
                    <show_in_default>1</show_in_default>
                    <show_in_website>1</show_in_website>
                    <show_in_store>1</show_in_store>
                    <fields>
                        <mode translate="label comment">
                            <label>Is Enabled</label>
                            <comment>Recommended setting is 'Yes for Users, No for Search Bots' because search bots crawl non-AJAX pages better while users prefer AJAX page refreshes</comment>
                            <frontend_type>select</frontend_type>
                            <source_model>mana_ajax/source_mode</source_model>
                            <sort_order>100</sort_order>
                            <show_in_default>1</show_in_default>
                            <show_in_website>1</show_in_website>
                            <show_in_store>1</show_in_store>
                        </mode>
                        <bots translate="label comment">
                            <label>Bot Names</label>
                            <comment>Any program which browses store pages (be it search engine bot or customer's browser) sends information about itself (so called user agent string). Field above is used to match any of semicolon separated values inside user agent string and to decide whether bot or real user is currently browsing.</comment>
                            <frontend_type>textarea</frontend_type>
                            <sort_order>150</sort_order>
                            <show_in_default>1</show_in_default>
                            <show_in_website>1</show_in_website>
                            <show_in_store>1</show_in_store>
                        </bots>
                        <progress translate="label">
                            <label>Show 'Please Wait' While Performing AJAX Refresh</label>
                            <frontend_type>select</frontend_type>
                            <source_model>adminhtml/system_config_source_yesno</source_model>
                            <sort_order>400</sort_order>
                            <show_in_default>1</show_in_default>
                            <show_in_website>1</show_in_website>
                            <show_in_store>1</show_in_store>
                        </progress>
                        <overlay translate="label">
                            <label>Disable Mouse Clicks While Performing AJAX Refresh</label>
                            <frontend_type>select</frontend_type>
                            <source_model>adminhtml/system_config_source_yesno</source_model>
                            <sort_order>500</sort_order>
                            <show_in_default>1</show_in_default>
                            <show_in_website>1</show_in_website>
                            <show_in_store>1</show_in_store>
                        </overlay>
                        <!--<debug translate="label comment">
                            <label>Show network errors in frontend</label>
                            <comment>Enable this option to see error messages if AJAX features do not work as intended</comment>
                            <frontend_type>select</frontend_type>
                            <source_model>adminhtml/system_config_source_yesno</source_model>
                            <sort_order>1300</sort_order>
                            <show_in_default>1</show_in_default>
                            <show_in_website>1</show_in_website>
                            <show_in_store>1</show_in_store>
                        </debug>-->
                    </fields>
                </ajax>
            </groups>
        </mana>
    </sections>
</config>