<?xml version="1.0"?>
<!--
 * MageWorx
 * MageWorx SeoBreadcrumbs Extension
 *
 * @category   MageWorx
 * @package    MageWorx_SeoBreadcrumbs
 * @copyright  Copyright (c) 2017 MageWorx (http://www.mageworx.com/)
 */
-->
<config>    
    <sections>
        <mageworx_seo translate="label" module="mageworx_seobreadcrumbs">
            <label>SEO Suite</label>
            <tab>mageworx</tab>
            <frontend_type>text</frontend_type>
            <sort_order>600</sort_order>
            <show_in_default>1</show_in_default>
            <show_in_website>1</show_in_website>
            <show_in_store>1</show_in_store>
            <groups>
                <breadcrumbs translate="label comment" module="mageworx_seobreadcrumbs">
                    <label><![CDATA[SEO Breadcrumbs]]></label>
                    <frontend_type>text</frontend_type>
                    <sort_order>20</sort_order>
                    <show_in_default>1</show_in_default>
                    <show_in_website>1</show_in_website>
                    <show_in_store>1</show_in_store>
                    <fields>
                        <enabled translate="label comment">
                            <label><![CDATA[Use SEO Breadcrumbs]]></label>
                            <frontend_type>select</frontend_type>
                            <source_model>adminhtml/system_config_source_yesno</source_model>
                            <sort_order>10</sort_order>
                            <show_in_default>1</show_in_default>
                            <show_in_website>1</show_in_website>
                            <show_in_store>1</show_in_store>      
                            <comment><![CDATA[If enabled, the functionality of Advanced Breadcrumbs will be activated overwriting Magento breadcrumbs]]></comment>
                        </enabled>
                        <by_category_priority translate="label comment">
                            <label><![CDATA[Use Category Priority]]></label>
                            <frontend_type>select</frontend_type>
                            <source_model>adminhtml/system_config_source_yesno</source_model>
                            <sort_order>20</sort_order>
                            <show_in_default>1</show_in_default>
                            <show_in_website>1</show_in_website>
                            <show_in_store>1</show_in_store>
                            <comment><![CDATA[If enabled, the system will use the priority of the categories to select the breadcrumbs]]></comment>
                            <depends>
                                <enabled>1</enabled>
                            </depends>
                        </by_category_priority >
                        <type translate="label comment">
                            <label><![CDATA[Type]]></label>
                            <frontend_type>select</frontend_type>
                            <source_model>mageworx_seobreadcrumbs/system_config_source_type</source_model>
                            <sort_order>30</sort_order>
                            <show_in_default>1</show_in_default>
                            <show_in_website>1</show_in_website>
                            <show_in_store>1</show_in_store>
                            <comment><![CDATA[If enabled, the system will use the priority of the categories to select the breadcrumbs]]></comment>
                            <depends>
                                <enabled>1</enabled>
                            </depends>
                        </type>
                        <block_name translate="label comment">
                            <label><![CDATA[Breadcrumbs block name]]></label>
                            <frontend_type>text</frontend_type>
                            <sort_order>40</sort_order>
                            <show_in_default>1</show_in_default>
                            <show_in_website>1</show_in_website>
                            <show_in_store>1</show_in_store>
                            <depends>
                                <enabled>1</enabled>
                            </depends>
                            <comment><![CDATA[Use it only in case you theme has custom breadcrumbs block name]]></comment>
                        </block_name>
                    </fields>
                </breadcrumbs>
            </groups>
        </mageworx_seo>
    </sections>
</config>
