<?xml version="1.0"?>
<!--
/**
 * MageWorx
 * MageWorx SeoMarkup Extension
 *
 * @category   MageWorx
 * @package    MageWorx_SeoMarkup
 * @copyright  Copyright (c) 2017 MageWorx (http://www.mageworx.com/)
 */
 -->

<config>
    <acl>
        <resources>
            <admin>
                <children>
                    <system>
                        <children>
                            <config>
                                <children>
                                    <mageworx_seo translate="title" module="mageworx_seomarkup">
                                        <title>MageWorx &gt; SEO Suite</title>
                                        <sort_order>600</sort_order>
                                        <children>
                                            <richsnippets>
                                                <title>Open Graph Protocol &amp; Rich Snippets</title>
                                                <sort_order>120</sort_order>
                                            </richsnippets>
                                        </children>
                                    </mageworx_seo>
                                </children>
                            </config>
                        </children>
                    </system>
                </children>
            </admin>
        </resources>
    </acl>
</config>
