<?xml version="1.0"?>
<!--
/**
 * MageWorx
 * MageWorx SeoSuite Ultimate Extension
 * 
 * @category   MageWorx
 * @package    MageWorx_SeoSuiteUltimate
 * @copyright  Copyright (c) 2017 MageWorx (http://www.mageworx.com/)
 */
 -->

<config>
    <acl>
        <resources>
            <admin>
                <children>
                    <system>
                        <children>
                            <config>
                                <children>
                                    <mageworx_seo translate="title" module="mageworx_seoult">
                                        <title>MageWorx &gt; SEO</title>
                                        <sort_order>600</sort_order>
                                        <children>
                                            <seoult>
                                                <title>SEO Suite Ultimate - Extension Pack</title>
                                                <sort_order>100</sort_order>
                                            </seoult>
                                            <head>
                                                <title>SEO Suite Ultimate - Head Section</title>
                                                <sort_order>101</sort_order>
                                            </head>
                                            <about>
                                                <title>SEO Suite Ultimate - About Section</title>
                                                <sort_order>101</sort_order>
                                            </about>
                                        </children>
                                    </mageworx_seo>
                                </children>
                            </config>
                        </children>
                    </system>
                </children>
            </admin>
        </resources>
    </acl>
</config>
